SK_ID_CURR,TARGET
133688,0.17060153172276504
218209,0.09601900816021317
371384,0.02811319416814522
326804,0.05053662486708455
320248,0.07010804287936037
255832,0.01959438321015941
359438,0.028348915336515165
372146,0.06965133702875674
116389,0.0747090882670987
149436,0.03451503688548182
161149,0.0323323195196181
413237,0.05102605140246189
275254,0.08619547976462044
353814,0.02606871335721997
128132,0.09063291073953134
347302,0.008571611144949379
383201,0.09110160983999326
295246,0.02615587273239969
180270,0.011042427182258797
368887,0.041000522514419095
304173,0.21147733457209406
433283,0.05186032884538422
118560,0.08206834428408481
145940,0.11074100407416895
359722,0.05787670694632859
308756,0.12995083702490443
119630,0.02446943259470277
201543,0.43274744999441994
447504,0.02032109074437537
264841,0.038067794391608796
232899,0.019013093822631794
435154,0.17283977518107188
178196,0.1085420777590999
409340,0.03521387711654002
325972,0.007936481597407575
437020,0.03785469687455117
191745,0.18755320638836187
202492,0.12204701173602844
384877,0.025338976772494425
335598,0.03551254583297417
331818,0.05437113824562898
402552,0.06496109083436744
299039,0.039067281554423766
409985,0.010636692622162977
241599,0.19157949784032977
131641,0.06325407825716334
323962,0.11576580425300358
223839,0.010110962787265509
376321,0.06724791104187161
432324,0.023779298319322576
185125,0.18433351797046713
122248,0.23752035911541286
445496,0.05056142995260007
174830,0.22238320395482092
245721,0.10315902243372065
193044,0.023157145330962334
278587,0.030286543441633503
204885,0.07202187432701763
452932,0.018322016789072852
439076,0.03495647653992636
450453,0.03941839814024923
340385,0.18619550185285683
126088,0.14037463208384515
276550,0.03297561418989041
434122,0.07940763524127599
240489,0.16013277151422697
269263,0.05229430464973798
429890,0.08185029002815133
445974,0.31001750834020253
360579,0.06916975297276826
282754,0.2660103927362849
271056,0.3058345564714683
440915,0.1645237864505839
193916,0.04355615659965223
156149,0.036987984567446855
417406,0.0911610601745489
208008,0.06251169274645117
202455,0.03937628272412576
403972,0.34521202955224045
167058,0.023830836221630586
188198,0.06984617852017498
443486,0.18165339162774807
434556,0.06969581928229246
224094,0.1262355397128196
120691,0.06629211990113693
264209,0.01445651601674202
335321,0.06928281399291769
419174,0.03327183784616641
318651,0.3829645243340716
352303,0.08304558128345814
362251,0.033780787432643886
132884,0.036377760343588944
412713,0.10016888101283365
298799,0.03203490814282781
360098,0.022421423643335936
329176,0.08279821085999414
106087,0.04291925440517939
156186,0.05480297827737289
352199,0.02445643158458489
349802,0.08210705044723952
173476,0.03418314343386581
200638,0.03491444374409748
154347,0.04042854873302437
290605,0.17297607297330414
102568,0.04059354504478773
143843,0.022590960110418227
227749,0.18408318164664186
200460,0.04102609665166488
272914,0.012755794934698332
214828,0.17895264174347356
174160,0.06990496661282392
421015,0.023223271895792486
278649,0.15622469185022872
109985,0.09255378879616373
403690,0.4687128924404077
329618,0.05388274181162771
130757,0.025862215136236422
180834,0.08514221989830116
381477,0.050121889940611036
194558,0.027114947952404996
433606,0.038068546843712574
392429,0.08094064542395157
408016,0.03946590752007355
116215,0.15007478547356257
279182,0.013674245468910096
279608,0.023553328430414106
399191,0.03551423909387691
136625,0.042194203159938756
203433,0.12291946438369633
245129,0.04075067315690153
110648,0.07239456320515586
335278,0.01574795901046118
362242,0.05480834066721313
261195,0.03475783739422585
388170,0.10217867731780576
127641,0.016637489992197427
284888,0.17622798136652038
224876,0.10032594316174274
319439,0.016487389730044072
449586,0.07425037869955829
387356,0.0937411874403871
382144,0.08535943440248657
286141,0.10969207862137985
105196,0.22249965533860452
434326,0.051129270448610376
295790,0.053464298176975004
264621,0.01479230125443223
275842,0.034591057481628246
324731,0.3193575019522012
193832,0.014819752369836809
319598,0.08830070160040429
445725,0.016203286016280988
270821,0.04704966498433423
419805,0.11966836516497774
143843,0.022590960110418227
226599,0.1872210164825781
361133,0.018732720711297925
362660,0.02164212509397151
274791,0.13750317811701274
118509,0.048876111105250364
260635,0.15839965106870774
110347,0.13381688014223286
403795,0.051635121759658065
275071,0.022419649840221254
390130,0.013892299987495828
121135,0.3385451826505489
199352,0.06515967415729532
126981,0.1189093165984042
386806,0.06041251625176839
403277,0.023896134677523908
109539,0.012561304605175835
422210,0.12155321548329727
360100,0.10325059396075435
114782,0.01714050460268671
300073,0.0322221817179863
206374,0.06280225980092849
333380,0.023338186008757447
452414,0.05626178629246258
276348,0.034926491698973244
269618,0.050399224090081095
355385,0.05875132837187879
135779,0.03013978296065602
268707,0.028605162168320524
178996,0.11340977476914971
188591,0.027458268068996105
404586,0.019307003367131013
328730,0.02517752231423681
192632,0.05641729597123801
178380,0.0510345456663281
224214,0.1344392946484903
349847,0.10073771339615736
163288,0.010748390434767347
184355,0.024295540601826517
216184,0.06772736522290451
353279,0.04217095510504643
397593,0.013061359497327904
169432,0.056912340629718956
302207,0.02930803273506555
403138,0.06851527097762264
314477,0.03251757862251164
373493,0.1492183926008437
208359,0.04158818656603523
120422,0.048862515507495576
238027,0.007054869150776756
120422,0.048862515507495576
376620,0.08493635559846174
126165,0.06712270566970735
434787,0.13172840547398426
145199,0.020572371968315756
145407,0.007901202997652484
364314,0.043804101705933095
129049,0.019327229828520524
407463,0.022599505837464458
194039,0.03495786851547
266334,0.0905939343883584
421394,0.009202146345868693
100358,0.06953574331362573
273764,0.028348632402629
414382,0.06685377433118547
215733,0.03654483112728678
144325,0.018395399814438405
122712,0.07153126693061644
393778,0.08607848178929556
302911,0.011173518316548971
208140,0.054130895518111004
113108,0.012423698049928116
233594,0.11905740658629796
343743,0.01973668014036279
327153,0.1396029153455854
239938,0.043680742766028985
144259,0.07587770876297471
261450,0.009683304909411588
102448,0.018822261147062213
365435,0.14643204308455726
267890,0.020881198920676018
436757,0.27225309485949023
325680,0.02382153376820861
195489,0.020109529594562886
176467,0.03191893233847131
194213,0.07161495279256164
369767,0.11493267253484377
306970,0.2892888269271981
142906,0.054992273621314654
235454,0.11367653078550541
323696,0.04455243259464738
318347,0.05565124017648259
435858,0.02123965478159255
159669,0.05444852364937419
245138,0.02599982040708454
343914,0.03732799756972714
150809,0.032199092003921764
303106,0.1783704578780986
381691,0.019281075293966745
238133,0.0522920844160501
417409,0.026078848148124594
157529,0.029527241197489222
276525,0.10341776598714271
219087,0.02514228153526907
284427,0.06519064019771348
271103,0.036404307341705175
234027,0.18196255698993077
287066,0.13720036061025276
346188,0.018782133910737776
413126,0.06322064572060225
191659,0.06966750806250506
212531,0.06783166709407908
307166,0.017752269833425132
254659,0.028743637325179597
146059,0.03360936222998147
439065,0.09963051425461779
180041,0.1412390441120054
211194,0.1774290638782938
126738,0.0646091791795592
302211,0.015723555198606378
269279,0.01643660688865278
211505,0.07351008292006396
418863,0.07100065132837173
408385,0.044249174459997834
267677,0.04086743981591612
249025,0.008691902716266981
221495,0.01670543130560417
368036,0.11656746851952624
351389,0.04564576533287062
303007,0.05437175327756216
124230,0.07528092270758842
112055,0.040960048532701604
426297,0.09503056663443321
144781,0.03488448261111023
293527,0.041844238973396494
142120,0.021659064522519464
132432,0.08720939990105474
234980,0.1507399696816465
269392,0.03318463602895873
139190,0.03656917190052327
276487,0.16953369756032383
282841,0.02524404366991027
327562,0.013117473211014622
271461,0.20665767421063014
126744,0.04291145935208078
304257,0.02876543105093933
385134,0.09820437108194614
260080,0.09150363938904374
361340,0.0844689963075301
227523,0.20659489498834108
308719,0.09282769909967678
374374,0.1401980451578137
207928,0.189711655087154
368456,0.011637068057673327
188054,0.06508654088187182
417626,0.05907582554692396
264198,0.14813497740697384
144612,0.019648430903964627
453040,0.049764261154149385
388842,0.015856907925681313
312770,0.03429551855343318
170538,0.07983323408050098
290206,0.02939276492714196
215708,0.04266087838602146
429508,0.033518737467636665
433837,0.024870387187827213
380015,0.20530267388136897
202156,0.008901846939873479
129527,0.2038567540359743
363035,0.045123623087289975
227027,0.02798386221978524
355819,0.049711914895227555
133065,0.01606586643747723
190489,0.1324676475767719
109044,0.06183945778996576
411668,0.01257014781724566
455538,0.013945488526215478
104480,0.01992323212865265
363341,0.045886998862090606
203796,0.028219756496947673
289919,0.03228382152423421
335096,0.012670541424782552
376042,0.08148198588863259
162685,0.1870287280877511
403698,0.01964264773411108
348181,0.25818461689233896
209479,0.10254161826355958
431215,0.02073788776994989
159775,0.07437197089294062
241026,0.022873196392567338
287321,0.19926373323865484
360258,0.06824039155450992
122248,0.23752035911541286
313744,0.08360457063790208
293976,0.06233620731906242
379089,0.025735649706284697
178830,0.051717207595130994
361819,0.10806268241728273
131548,0.02497944837110723
228869,0.06395603203223672
215257,0.06714995052300599
429604,0.07141369384566584
160789,0.03250219202903247
310428,0.11411039536955556
205526,0.023842840037293072
253284,0.06395794118370242
125149,0.04000316630225081
263243,0.11275732453628147
187988,0.0401404724141379
431241,0.04604268761076659
362432,0.04435112800524738
214789,0.041474056928710853
400374,0.06884857292571156
246585,0.23739758374636558
253066,0.06824671295151116
284888,0.17622798136652038
179936,0.031829719812403796
447327,0.05297280260327206
255210,0.053746544277458556
364312,0.229732363110361
335471,0.07917704248537111
230454,0.01431756596594434
392909,0.08400214550434675
372382,0.07726110466681083
270461,0.013319929969030201
308188,0.2012327541039109
240578,0.06399678699973062
138486,0.06209507073652455
170809,0.1479552850704184
209713,0.044771809039236825
438306,0.21796468314031442
425456,0.10715637645355713
161202,0.08558048183992059
325395,0.14673274552735924
425430,0.022497229104607188
269128,0.055070645570644
143964,0.23737646063011322
161468,0.04335719808549894
132996,0.019788569627844258
112902,0.040175165423895286
139375,0.03368631570758127
398534,0.060257445758808176
410186,0.01608476988096262
314912,0.011328670762167974
288596,0.07323134700372133
153847,0.1085760952154585
402824,0.0800978667394945
107444,0.012564951299097406
108788,0.02637239264826418
124628,0.02868876702691555
249847,0.08815386348915152
402973,0.08094741204740744
269663,0.10568022679568917
216333,0.015606846822755769
205773,0.0514830292305244
191306,0.09437603711430248
315684,0.0453840648015663
373114,0.03478900466305677
369371,0.02111679631385307
377754,0.09996911991643093
322684,0.023648209370717557
164740,0.010082675460443264
430927,0.012734918517580403
273595,0.04016960263594687
230878,0.009971851865331002
199026,0.060507035300311596
119391,0.08157384572883267
299817,0.0158818703889436
453367,0.06465974025659901
444008,0.014506197777482
387351,0.021771774811519488
373247,0.07093520361520175
220416,0.2875396458437078
295163,0.03087589831247202
151131,0.04448619613180779
392258,0.04091660178231755
344297,0.03717576244556609
399938,0.0432651774799977
261283,0.029272096158657727
101901,0.11715152506800748
186085,0.027967283262115613
302527,0.1623233138671994
116135,0.06190594535346301
341931,0.019072827970177973
431625,0.15135994336889158
395316,0.06158288332574182
169117,0.0933241449416845
454476,0.11699047837715487
376518,0.17655424932569108
397971,0.03678057355035818
112835,0.027458226858605047
438979,0.17548591979447828
111127,0.01368808548678571
198333,0.35684706866063315
363343,0.16083246230340337
126842,0.022890039130899997
106261,0.03879677006047987
445483,0.025062005722984136
396505,0.022634210355951707
396276,0.031858973095228726
308842,0.062256720936457725
376035,0.07810693276606906
275897,0.03784094666410024
409850,0.19582084654599957
146756,0.13152512816960565
390230,0.03972217196964794
176454,0.04402570026933943
138174,0.06700992215738474
417555,0.037451739648509876
195504,0.09428759847830848
320593,0.02671729104662604
215560,0.02189435461202579
131009,0.036467423485284825
340772,0.496957519319487
205930,0.009545301705014622
368782,0.11569857962915908
115619,0.065613463904457
353054,0.020543849682834146
412004,0.06303927636906165
411115,0.030538899644862484
261365,0.09703479466202249
388848,0.02478168568175055
334817,0.14662080255621712
145974,0.013446655810568274
261892,0.017308626499722393
386267,0.0411883491612778
315684,0.0453840648015663
366709,0.05975784311857293
446713,0.03696227564461795
127495,0.013027347653174965
306047,0.028471352005951554
291094,0.0849649823809827
179583,0.024677950272760034
256708,0.0627607034387751
332628,0.050407587941867116
198702,0.024234488154800615
329918,0.031764273181988906
274373,0.04352780605247407
220006,0.034650101576757006
190998,0.027772034278133375
381424,0.016964600134053886
302491,0.0532642536464746
164682,0.03594682257439114
447975,0.036188561428814436
155196,0.0374365499540345
180545,0.025755423538637162
416278,0.07850149952556704
155610,0.1966091819604785
227325,0.04117167785021429
351227,0.05150380672293293
435997,0.02393043303909807
272723,0.006945105748999392
439154,0.09783607947170736
194068,0.02229849920087019
132346,0.06874951228505737
289015,0.022796144222017912
128860,0.04389787223203114
102898,0.3256846178186679
153594,0.06185185774514959
241060,0.04819996075558024
217366,0.09595186596189283
299817,0.0158818703889436
220181,0.02669938645444111
440266,0.027442639322436586
115144,0.0483328387910966
189262,0.01494810534712587
135650,0.04731905569909166
364796,0.014420976804394085
339409,0.11416383430579435
383197,0.03806103427162102
203591,0.010391493442062288
374405,0.01762244852170819
127638,0.05743830709547242
174059,0.07851292741940225
370199,0.01808955371823879
252096,0.1190706772060968
292612,0.03582004153724904
121323,0.044217662131755466
215194,0.07150769355503046
427067,0.13299805778501553
107351,0.011347952448616954
417435,0.026053193558329527
315997,0.020337472672860315
414591,0.04334969392794655
139075,0.020694010267912746
263326,0.012337500154587216
388985,0.06414141350778102
205873,0.044012517089015206
134485,0.025073548766155068
129102,0.12603417180549248
128702,0.035383034006741816
209879,0.2429300059132655
388919,0.03989040000609301
451379,0.33472598175682716
338341,0.13972227741548263
353011,0.02193223782800398
270450,0.08327664696880102
128046,0.07534214986340979
130329,0.018116438930198164
352746,0.02530781742428463
320012,0.03823045643431225
163661,0.031515333089673817
121822,0.18483113099693577
102147,0.10984746167807075
159384,0.15875593868888005
294287,0.04858999573393964
401162,0.025218995739249316
305965,0.02089832330832527
179868,0.3425036406350492
318775,0.06366570474462038
309923,0.013072723022751665
329812,0.010226995673002495
138156,0.027790865227107595
136312,0.032225269225734925
128704,0.030185450201057628
179264,0.05015276332292472
113406,0.10301185879098831
250878,0.0225343746409666
442438,0.14925708470701685
354792,0.057890603231428514
105692,0.02673999316419786
350899,0.019085628361783943
196587,0.018260425326561285
147364,0.18924118139159923
335313,0.007482154285528368
309455,0.25972454105867393
449874,0.04620732905906993
177865,0.09020473329948613
169722,0.023520726824659582
134950,0.0325612747328905
292483,0.02946826792121934
359049,0.1445640154297414
146198,0.02807332531433094
192686,0.10999379267247515
300170,0.022416987933736896
213570,0.05279944015258683
237528,0.07031694260620272
268380,0.05672574267404155
430319,0.05286103887428561
228168,0.15178241201394277
381465,0.026479390876699472
448604,0.0426185208370008
254613,0.01946815317650047
319836,0.06271057386120556
453390,0.01601972268943916
349488,0.027734274936288644
119619,0.18022545750091476
405675,0.03102771715711114
188914,0.04715525836126143
442539,0.02033391611910634
333706,0.019002264079368492
368930,0.14303612831081208
244631,0.014840455116437723
304360,0.018870452854156044
227649,0.2338477787985626
383203,0.01147732323826605
269738,0.06831986580419613
420358,0.0970333984117293
304093,0.08917494192787495
402502,0.030254903471544154
302364,0.16920064986185654
388056,0.04684567650743584
147793,0.2499875939614255
159337,0.08867428120574336
404556,0.028517320826988553
415724,0.02053894799141647
292506,0.024019580202113235
414265,0.234358164814001
229675,0.014512521893076601
322227,0.05889048200728553
174536,0.07681844531274856
254295,0.021124226431945992
451823,0.08232773191439766
128760,0.07619186655523214
159337,0.08867428120574336
356885,0.10590899522008902
191217,0.016587350855535327
342527,0.18533089107124223
369200,0.02884214405058711
398619,0.03469890494345571
432454,0.062472441534182556
120176,0.019694604487894212
210201,0.022589384757039175
366082,0.05545261370788347
192001,0.04858955769281166
284920,0.04754430129361003
277555,0.06766296879485316
432231,0.015339494652211783
141340,0.11738260150680299
193767,0.032730032161550106
426124,0.04535961841085883
260487,0.1504543086746643
267895,0.05723913538591121
341545,0.02437248248478575
338127,0.11956375534307323
339154,0.061593729965354775
270131,0.08436018685435763
345042,0.021866464767997435
397185,0.03425939934478689
255632,0.07522178702896115
189907,0.21458948389545082
241160,0.01844757528142011
145484,0.02045294166987751
125705,0.07166923147275236
253500,0.1679384514632718
450433,0.025968282746121042
428424,0.09725682911503011
432438,0.03113145457877541
195468,0.014984345273174283
151372,0.042356723065773864
310012,0.012953515846409022
398699,0.1977091016743418
252986,0.01668699319617297
277390,0.19543297692980918
348531,0.06453102097660139
130757,0.025862215136236422
425406,0.0685636041125086
391740,0.03363904554549085
119842,0.07341100981168217
165606,0.010011923396826305
153154,0.06611563447380474
193321,0.0202097516532179
399912,0.1326422210917813
442054,0.09394926294561547
273774,0.08674734690212538
255921,0.03219884299970622
202062,0.03507689977067915
143792,0.06608769824100508
413878,0.0198615211604199
438687,0.06726589395522208
288348,0.041467134654670834
141222,0.03666831694550078
264338,0.03486353321099301
430847,0.30212968278522107
403948,0.1100701546089755
224194,0.04036682251506106
266177,0.07870609842747414
281881,0.013426315870120623
327215,0.016610880218294592
309992,0.06554632072898256
433424,0.09375905943158667
231656,0.1396870539726629
299501,0.07218402494357729
326188,0.16880119641248098
392319,0.10952963974221014
397759,0.0807971110698907
247793,0.041168169261965426
256774,0.430746574200229
289211,0.03590513939514223
221339,0.03820417932697366
231877,0.05176430892334288
362635,0.01773959831645633
167958,0.025242294762649206
204822,0.14623594778390142
238853,0.027656704738028785
268781,0.035814226866473356
448282,0.07246890679072886
316407,0.008903789775259748
205222,0.044207601581206644
152627,0.0477536889553894
224673,0.03192790118309148
323688,0.04397402238845868
394857,0.016025213560752004
124591,0.19268962590936023
336120,0.06095104397625807
272852,0.10605681875086609
159702,0.10012058228435197
282448,0.009947862541406484
168175,0.3192555482095522
341342,0.0848520050728406
267394,0.03371195581861521
182553,0.0663234012437495
246836,0.05055056893472694
453196,0.03078399017697329
278101,0.10799704674474554
143971,0.04492993250920057
304375,0.13315088332784164
226188,0.17505044812152248
360496,0.023366851877178303
238279,0.10990565280308633
349992,0.03740081756970939
255501,0.07065578189414123
345310,0.06564615589107281
228420,0.042417615230650685
171685,0.3541208138711698
273864,0.10394445414569904
433561,0.08258166866785818
404302,0.0526530626847942
383195,0.04836563154676238
241163,0.29508245975939384
200501,0.05004874752505947
343794,0.0394946303230554
126028,0.11988632872998235
429318,0.017483378195701955
374029,0.1864366168107948
163493,0.03492259015215099
364762,0.10758417242485356
234159,0.03872921977500948
164939,0.14089549536251114
334138,0.1378365167600242
419162,0.011710838935353856
443792,0.01847033812248728
304237,0.0193651619600045
335958,0.027963727991227635
206605,0.26935692800755756
350006,0.026310840648559392
253861,0.013779165867099121
415100,0.09329372878477968
184636,0.019888528261496508
234503,0.07987017715370327
407678,0.26232477634253537
410358,0.19459581777870671
377335,0.03305825200381679
109749,0.03146694644496201
415074,0.013437495484406972
374917,0.041474962906337176
270919,0.06354974192769663
167323,0.028150640853255207
315198,0.01004648578614762
359382,0.04486091906661331
381455,0.0698576470868363
174277,0.06757631907177117
274359,0.332384739498406
451338,0.019701981700364045
323729,0.10185714183928636
428213,0.07333819744935643
251737,0.027777672732531462
312363,0.16178542554983233
258443,0.01842065180854432
393035,0.06380164316750789
394385,0.0351762489502357
314182,0.08679162776893953
351984,0.030780519412602972
157292,0.030272044894320033
286696,0.10920736475277416
412624,0.06618081398312192
222646,0.042817445127569694
190078,0.04825573605452954
410107,0.021393506222024527
385910,0.048120797781795795
270658,0.12938344016648995
152820,0.018732851036416004
362373,0.021212526992031168
265110,0.03260163283525839
360539,0.03955471119006088
356027,0.015122260634667154
110865,0.07238513398688179
150846,0.049297982815987754
172853,0.04336784007841801
334027,0.12398071376394251
308325,0.031473297649175246
374951,0.11629239821926547
269576,0.02562282951757479
354178,0.09481554072805204
362135,0.12154285198088038
340768,0.044398435591979486
192535,0.025399252277684234
325282,0.047904358255213705
416872,0.030257306637208273
211740,0.05008271733050788
365412,0.026127869919717772
237917,0.031202741848869387
413759,0.10321158986259485
140406,0.015316045687033248
269228,0.051290648997495164
417555,0.037451739648509876
154500,0.07895423817320005
230020,0.09916265474982099
298896,0.2286418640983923
163119,0.23767812300235747
317236,0.029992556192026128
424236,0.026380026877704462
376869,0.04642653390137463
441660,0.13194838839820236
341194,0.026071761846319645
439325,0.04036988196962475
107977,0.05077151857756732
228855,0.056478383556361936
359599,0.030668095392227476
111698,0.045782631745155705
113832,0.012641398392039543
283090,0.031114760999878404
148702,0.10249031915267773
128985,0.08223016489459803
331491,0.021544899905450558
268950,0.11309083236154108
373716,0.09935072139906968
386141,0.018277276609227715
212407,0.01578213212407198
328783,0.04822199611992371
241432,0.024259118562547588
138678,0.3946998230724167
302655,0.0601533456922055
393094,0.13091122484337514
259807,0.08544094791923905
303354,0.027711434955923396
420587,0.06965489793867231
361637,0.03297274023552027
177580,0.03863069875232213
102054,0.03450236304438783
365877,0.044080317411219705
145025,0.025581867287724977
291953,0.015806329272400475
254130,0.022597363069283068
205751,0.11312235060498983
130371,0.03907670807392074
416477,0.19777297225691
270613,0.10543152858991946
250922,0.11155035900565817
224353,0.21421237209889915
246017,0.09556233324740734
132182,0.06006877181027778
411855,0.02702763811566367
414708,0.08270082497320778
254400,0.007274384398662638
111698,0.045782631745155705
438662,0.022321618177819136
158790,0.0129518222596831
191735,0.019699656898351934
164262,0.06080366176540951
134765,0.04110645311748757
376484,0.03290901794565587
234025,0.024999163336258217
357598,0.022118082270693666
171913,0.02764489622175953
184773,0.016625200511720627
167592,0.228224146092825
436975,0.05269151586552716
198181,0.1717293235698246
202253,0.2232496169755436
315366,0.01361520615323144
232172,0.06125256795564372
380812,0.017882931476844603
301424,0.09126950728972227
146292,0.09584633818411695
314639,0.037165062119902906
366149,0.28521726694796523
420624,0.06528320803277893
433628,0.04767539468457972
314601,0.025076107192218557
246127,0.3556703897225148
142822,0.03945243911605589
441700,0.04700567745997522
349592,0.06934041895863718
106624,0.03845321167631097
244498,0.07338688126607658
197559,0.021999046522260007
158289,0.28896665959752343
293789,0.010646848357813037
317594,0.021560492089327934
287299,0.05123605512372938
270165,0.01574128806409239
194000,0.16141268343100165
322630,0.07327210741533396
372662,0.016802308397709145
433464,0.03871564901064069
413377,0.09194549869651852
389104,0.020443575156874637
360633,0.03206278256832533
411217,0.0314166841379328
380979,0.04303578441637124
166550,0.05323170559602835
407534,0.07826309625787864
329580,0.03163871329980667
450603,0.012055898777503885
264011,0.2784879137899706
341934,0.0146402199540887
320793,0.013400354626484133
240878,0.022156781713774755
295987,0.01904783382940439
190061,0.07507006790977047
337864,0.0335359672973274
331379,0.06043393325499166
233175,0.030998379181024903
234453,0.06754265677430088
131027,0.046127449256904256
325918,0.039843510666768785
219114,0.025199488422385667
127412,0.015138582118072499
350480,0.016089415270837203
317606,0.0702731832983435
269998,0.06434752044455445
124826,0.01608873123817894
403945,0.029294554285467622
422545,0.034552257903920296
214242,0.023859213664180246
115958,0.036787296419769966
232170,0.045931425510342364
148449,0.018419306316930343
288996,0.08914552191831523
368659,0.02870031016896487
447752,0.048138371091063864
276089,0.047198795089937996
430083,0.15662030606292715
329248,0.053275103883992016
112326,0.03323458480538018
296301,0.03714467672925374
318766,0.06354983531567546
172169,0.0209688384856165
144702,0.129044045207173
304614,0.06677998968949582
424830,0.06570121350312391
203605,0.04823329301972903
127991,0.018303199260516982
350340,0.01796631347035126
128070,0.016065005947453345
306670,0.28616400418628246
291696,0.18391331409591535
452422,0.11165808144598587
434180,0.0631075955113142
339799,0.03672242226515328
345563,0.02117650878572723
344388,0.3880528298705645
442451,0.09656411627875344
345211,0.029913216818310905
293846,0.1879127480930128
379488,0.021696746137480148
275800,0.03966624656372159
258723,0.19281763913789338
378184,0.08609612758041865
266173,0.1134828863082882
226054,0.044720712776909775
102146,0.024339535155214413
235291,0.030544802171502974
363080,0.02914513473108667
171619,0.026022041976535227
347196,0.20603165684608707
394632,0.06559154372770855
282915,0.009868509720041026
185581,0.07964783703724987
330776,0.03827895206595067
114987,0.035895235444200875
434704,0.008535385064121062
202805,0.010979051090408549
196198,0.014418256385386187
288928,0.02369045737573382
229262,0.04814959261596783
388212,0.03689827989116536
371828,0.07941555634690164
258860,0.01625220740132447
290031,0.15354689661224274
179307,0.029450811701874628
392196,0.18966323900304893
166858,0.02321531386539216
402955,0.036959559059588025
208973,0.016634102697780612
275424,0.05056137074036092
411958,0.030301813458769374
100751,0.3359278792936198
142084,0.12197450846380062
151975,0.10382032084031209
346914,0.1214748412407509
389440,0.1845012209795348
312827,0.1498557423138814
244140,0.02607124614786356
364851,0.04553498556005952
170657,0.14549941630578692
298863,0.013239306004485071
150499,0.1508184575571902
188328,0.05929296336743584
338086,0.01782693258163127
181484,0.02887048062550094
267324,0.04124634930070378
412345,0.06545988208692526
173130,0.05469878704528547
356687,0.11264242622702873
347952,0.4411413250851511
292562,0.04792782708099556
188878,0.020855558050839374
347492,0.025143165644519367
454471,0.24978425351136896
239357,0.13598697268797036
332764,0.2961499685047167
442718,0.038092993373573796
303798,0.023110093346252403
167078,0.036889857815299396
237383,0.04952689112598564
448585,0.05873690436652938
324795,0.01758827039356213
419794,0.17516901738131135
230940,0.08926358914811261
403373,0.1706891569497135
201642,0.028854174278572727
166814,0.03459340730021852
184820,0.04558024273120241
391843,0.019632966966140062
366332,0.09244786778704076
299869,0.05687614944338389
188044,0.04441581495263652
398352,0.012625859611529356
164817,0.065208697021269
427156,0.017564411506952503
364451,0.01195986987272202
188950,0.033138425598242524
157314,0.06530930883463096
189207,0.13276899228019923
432405,0.02850357622756152
252679,0.33043914219673165
136711,0.0676482290191753
207060,0.015231549135697789
124393,0.029624010039194855
366341,0.048575318430068036
243871,0.29816814084877585
122477,0.01796566204698565
334631,0.09982803618957484
412884,0.019236688816010802
301968,0.018785447024880438
385120,0.04204737030642878
191624,0.04885219403671163
318025,0.038300340548045424
158099,0.01776364327807004
439319,0.02324895469068429
353801,0.016782275670001186
169678,0.057700885193834726
370392,0.01421451040368708
174275,0.23420960296552681
266813,0.15950158520954777
354099,0.045863398580796105
444941,0.09828454328521405
415544,0.03704831888850012
109604,0.13242465439513496
193262,0.016694871674953538
105737,0.025815463378446375
376491,0.09541530996622916
257794,0.04692528200051538
295476,0.04463621729689482
251579,0.03813487827774359
176839,0.2673535721047068
167645,0.025882630415761183
199327,0.06746807472743137
423711,0.02715217865552534
251918,0.1079082811780778
400963,0.08620333291822005
106990,0.017146618595810566
292288,0.2751362028947323
365136,0.09753291536686277
339755,0.04263573084828069
430210,0.054879911888751645
223484,0.031178624289578915
413467,0.054085088001121495
411852,0.5255495179831209
128191,0.10787856772250731
219465,0.024347471546881265
135079,0.017374463586846398
340195,0.013312147676707674
393939,0.11611851511713447
144336,0.01228541187772318
107590,0.23109573302411723
321965,0.011592135323686841
409514,0.04404149155151643
205672,0.021069485154790995
213317,0.05454361138044049
103433,0.022461097389259263
175730,0.09971349301384963
291713,0.027585151076746174
242795,0.10966883774329003
113134,0.08842234808844468
405811,0.02088090896153351
370179,0.05284510956496332
247758,0.02742060802117774
332303,0.0303046371301257
161503,0.010706541753757091
343163,0.016705296995592245
291188,0.33690520869443186
410473,0.11205820702006654
235401,0.011537568957729928
436955,0.020333900602306432
389603,0.023631300278366334
368326,0.03742356446822913
276195,0.1071018206348357
288955,0.04086462330233567
314991,0.05091767100727678
381463,0.03026132245804966
329138,0.033658652191345693
328516,0.25108873751137684
251795,0.11524177948197398
194468,0.07664701364827885
447263,0.02963674072798033
423752,0.040823033204534176
440819,0.09894341343243407
275588,0.13007870811493893
126349,0.023194518711590815
240204,0.18637848098836401
107223,0.16346499165469486
118321,0.010392078932879419
358161,0.0716960956331342
158128,0.05120324500601914
373756,0.12496169348327277
266668,0.026488413570132666
101732,0.039216622344461105
262817,0.06046583445177472
278899,0.035783082896578784
288178,0.06606115405116539
412651,0.06542386626238451
452851,0.03320886865777148
214078,0.0462628291561156
323451,0.14657096801258546
359247,0.044248126207519035
128343,0.05184012271302038
322354,0.07926541851615372
420290,0.02996657344808442
382150,0.06071726460769002
146347,0.259844917355608
260579,0.08521923738317881
157949,0.031489733964509437
183646,0.28547597699665817
219047,0.1564826572814961
432653,0.04423516600962856
427131,0.013581970857292864
372452,0.03884043734008266
144780,0.236261803973375
310187,0.058200401139185585
162022,0.10162627417477098
383206,0.0948068396504805
141356,0.03237921926232055
419705,0.1529629367223041
424835,0.20715454563850907
259526,0.04305878145984058
166042,0.041778110897207864
337668,0.011971928629150036
212303,0.14749415137254154
388195,0.07206992018937342
212786,0.14376901324181873
151481,0.23347498510185316
375544,0.0430270055425487
189379,0.0198624678345614
372995,0.22268655862601752
178592,0.041387230338979175
298001,0.04334662903313334
247607,0.1564448855877705
198378,0.05232544548016747
248910,0.020991148021065806
352700,0.0856652137359468
177669,0.03418599463027098
238247,0.026642767694925917
343888,0.21784304082256373
236735,0.017966947554019626
313749,0.2523378403275103
196788,0.033853683860639756
321936,0.2971083022167486
351834,0.03222232229521616
120982,0.008947083547866672
294406,0.03491227459447983
386288,0.05388301155810063
405811,0.02088090896153351
442312,0.020555190798625503
378755,0.061849838070181504
432221,0.01840804726814752
116662,0.05605172647977258
381458,0.02236494900921492
186944,0.12811854331568032
239480,0.09428327881240774
288333,0.027444664683939003
199795,0.06984340494025887
292983,0.019325991140709365
127155,0.03283696513914729
338404,0.01621600012027584
328729,0.20125481818498525
432921,0.03302970811969284
454405,0.05403775787824278
357840,0.1488035645198019
104391,0.05024954954612407
167212,0.13464350808690806
160614,0.15516457993062563
289375,0.10163342889981632
446512,0.03385879634173032
227996,0.0456324750597059
125772,0.1744532153450521
400869,0.03656902166854199
196371,0.015448396713113538
439473,0.07354817748588416
105865,0.018725324799472875
155591,0.03522170085548676
357958,0.02956317086625962
204836,0.046679865303095446
105965,0.08925228149418118
327609,0.11396375517661607
155496,0.10596220435778322
181481,0.058108391992066084
370030,0.11247206809366997
227590,0.021697212028702846
192655,0.01623631068884268
201296,0.009422350369423573
306389,0.05492818576293463
147770,0.011631524754926013
428206,0.049053413531790845
239489,0.06792846009797425
221148,0.05885346292329095
359212,0.042036389705938516
158552,0.0070656027825250775
218300,0.010534830175909869
403817,0.023454263852346943
218846,0.2628563771775627
114875,0.06918718992233153
174485,0.3248823477988266
312191,0.04872267941706306
143602,0.016835717352812588
377990,0.07992764780750362
379133,0.1941417015908883
360973,0.09421285498189064
236663,0.05518387519545606
227053,0.028302782694807627
350954,0.11754593179569033
255106,0.01364211480646491
402436,0.28580321753660254
217130,0.2194542371725197
341616,0.037181407643941095
367224,0.04169570188791888
434009,0.04302003774724517
314997,0.018557951647865722
111048,0.020206572389202357
108506,0.209265687921638
407629,0.03319852221668582
178804,0.013691256687889359
320499,0.014887726970347546
103290,0.015290839708339214
105991,0.07983868324090121
326284,0.219750224080738
298444,0.03646604789054378
355569,0.018360014797757326
188715,0.05962769033588006
260435,0.03785662281992238
212781,0.22893199048782564
339060,0.018497943361045894
262455,0.012027354740177186
275870,0.2106964204649816
445392,0.0969802631450157
211979,0.03001182154332091
210201,0.022589384757039175
370475,0.031146777402050636
273353,0.041167667300131154
108018,0.20629519838001945
247995,0.18191527569006885
105532,0.028449324026030693
376642,0.037739221833872405
434408,0.015113670690414908
437334,0.018723905657617373
255226,0.036834848347754814
192483,0.016080363542403834
359505,0.02129400811801474
129365,0.054824449574761056
329340,0.11348202491595656
156862,0.013609742042425174
238025,0.05610591967597077
455648,0.02211213070709029
356649,0.09572101074036816
201501,0.07885955087006642
249345,0.0389284891374511
173333,0.01718786605352557
119395,0.050076331842535696
435142,0.11362739751672676
223588,0.01662066775677981
276343,0.031903165186694823
423663,0.010931781887287564
124181,0.036319925744598414
389778,0.09532316966886199
335091,0.02540401612742945
208941,0.04664947323017263
286194,0.05941844511152624
169859,0.053954405806164264
138308,0.056772167512730176
170136,0.08918064872693422
340961,0.08050602920500088
401820,0.09327826845220577
355320,0.07447991712222969
360828,0.042154199314729975
420854,0.027831680556640204
293915,0.009818901067279907
144598,0.05597520967305629
239081,0.019827739283684885
396518,0.03010373737667392
176710,0.1710505946436284
298841,0.04370359990072579
127418,0.19434434774432952
301761,0.30308403154578967
219886,0.05423004659755125
229369,0.1806403487110221
379470,0.015531868880480939
450111,0.03411488247737118
354561,0.14770205925304858
157690,0.04022223650003192
311327,0.028758302679386484
120713,0.10101940970004042
415537,0.08762856931788601
335369,0.0236927872937089
107721,0.10896649627651177
321051,0.04160417385534068
416721,0.03198037982418592
215278,0.11621805034762597
103290,0.015290839708339214
205695,0.03269887857969553
172310,0.05401094183862137
122266,0.1542721958299758
248693,0.06158963383670087
425435,0.1270560217809733
309161,0.03218414453971905
453659,0.026396112932534136
410438,0.03569316965432671
147720,0.022366392726193535
245853,0.018451479585768822
338306,0.02931885654622026
273861,0.01776626940298054
292116,0.039782099982200066
411195,0.09111961658483687
252169,0.3061415093797064
335073,0.046107835066491694
172460,0.05029821256482965
180429,0.2051171115696745
314143,0.05219761586573226
121279,0.0448015386420185
338076,0.047278082378025096
116896,0.12025423423836858
147127,0.02765393321177274
112604,0.1618678981266581
387967,0.026893460575442438
305663,0.05150534905625028
290069,0.07344264871203188
428701,0.0525046913854519
191359,0.038322915526013294
383208,0.031540316942571776
350598,0.059615873573585505
106854,0.4902257037632023
256802,0.22604374944960795
232859,0.04228878064508486
391966,0.04954820061806785
139861,0.1296795711277451
412559,0.13089878810671665
198874,0.054144824535061815
177511,0.17906828314273446
319688,0.031812950246624526
232923,0.03552903751877986
371065,0.05756673625289588
270881,0.04052896747976125
281941,0.030931512971575956
256115,0.04622584264537661
278932,0.03291485430257875
199685,0.07304693625401314
361098,0.021498399126813166
156041,0.07857569243986742
446229,0.03220544008720041
208240,0.06882148656778461
321697,0.04137509423031745
114267,0.08136085794888606
130340,0.14359436711254198
248745,0.06658265375344419
343137,0.027185396116708945
195198,0.048662684231655165
179458,0.026130267842449262
310779,0.05817616450424255
190299,0.08937931008401048
136440,0.0493405257395917
183863,0.04191095288345206
159903,0.07003995556530969
230391,0.02124164930445098
354368,0.06543162195218492
274289,0.11910749084488344
134236,0.21798389581144134
438341,0.06730570532360214
377756,0.06376042892979475
447504,0.02032109074437537
146631,0.12918506759801576
369096,0.25681696866096826
334171,0.011314214924245457
276886,0.03567448509274302
151556,0.2867109820454069
447482,0.05063031598283347
374935,0.06236141797453134
107826,0.03694248475690916
417778,0.028521414292975344
162135,0.08952559864467208
147792,0.12285716379060996
206564,0.21363256316177162
415746,0.03051689564790472
454070,0.09363454591341927
369540,0.0345352144542772
244102,0.07883398445583081
145502,0.06658731200953848
439618,0.12492586398002474
213776,0.051670187840666085
283057,0.054566690542669855
139127,0.15339250641228067
319785,0.01809221171011092
278862,0.026051942616543623
244346,0.12015183101214978
389330,0.05373421609356226
156010,0.07454010696183128
252894,0.026639530072323933
267808,0.1661267190523149
302166,0.040028668745252106
341226,0.027485221585710987
349283,0.054795260540803636
144260,0.016763014111425875
441637,0.058129885600890496
355569,0.018360014797757326
361284,0.048577725649583244
339427,0.05642222309059849
445193,0.04920802224949268
337178,0.11882985443070455
313980,0.012098383936935598
317592,0.10233662764686416
259178,0.03331349280591451
204673,0.010097451465834954
168472,0.037615389082356954
372183,0.08182121307114934
147696,0.08059071093598952
156087,0.01915572471008127
232699,0.0889910386021472
347450,0.2521943309504037
427660,0.057646416727823384
235622,0.011755159479302762
268935,0.0975015623168122
455262,0.04546950962200316
280800,0.05566782001883094
151343,0.01710128649155951
243112,0.1005366460181286
172547,0.02570500560298942
355592,0.2423851188453142
254100,0.04445566089246547
264299,0.0454172690096523
442299,0.12270843574966389
404235,0.024593041359652477
185980,0.02223200472185075
305459,0.015262112346862027
100826,0.03670303943847028
139412,0.07700706120368926
270997,0.28101068980782934
420861,0.18409076016585768
422074,0.09792054786736352
428237,0.06477635873102684
285853,0.026067362219538436
384878,0.03996352508823268
184589,0.012619194586841232
305529,0.03166244231507489
162988,0.047936938321193494
133247,0.04845750010907232
443304,0.031944161955236465
377786,0.031903099298553075
306716,0.033539330504915484
393507,0.015095671806135596
181863,0.05366756284875355
358631,0.15769616354496205
150335,0.019985122189932914
267304,0.1679965425285945
397458,0.022132217342720285
161080,0.09223430312926167
213926,0.04577698245518097
403799,0.02174789350450791
318999,0.08147934401202829
100762,0.15355750610324767
119501,0.0604308492820586
413554,0.03811201073526503
160756,0.11024864515549074
397630,0.07880733761023279
345093,0.033021711817136416
166908,0.032765116119887396
277753,0.022503687785202658
255600,0.10000610654004105
288223,0.1457703242698957
155687,0.05322347751719242
366703,0.27951099693586773
338306,0.02931885654622026
195945,0.021576689559177575
244102,0.07883398445583081
307224,0.011401021093569556
211384,0.18440791178784702
379318,0.39536151596322133
337207,0.038687803680564244
387843,0.0323434401730824
333178,0.01751556144790631
184963,0.09177020418181653
235977,0.04292426341081303
392680,0.2618042300424795
181298,0.019074691560223355
275166,0.09486539637794274
174260,0.2432346173012864
344388,0.3880528298705645
444432,0.032660533962616825
172562,0.024554173465282582
325412,0.05615751261863538
393587,0.3109246953900972
211696,0.035897530491414656
328845,0.012199529471594275
450978,0.24765047632035056
193394,0.07506817002278232
155453,0.012388548298452984
124231,0.13560739618035775
340219,0.017431145582858056
115207,0.036362712748853124
172690,0.0269572076571438
204771,0.014736545159063849
282002,0.026130974899588436
150078,0.01644575315569936
218847,0.10722164813674077
227917,0.025516638743897764
223079,0.04439909064873017
200207,0.009460441726100563
422533,0.014643389439804285
163492,0.28446895874593553
242810,0.016765513860181075
415537,0.08762856931788601
396442,0.05524846111759401
198702,0.024234488154800615
361402,0.047659863307045865
450118,0.1786608862564308
408074,0.02468661826673424
277179,0.282621697815158
122856,0.030367018402231393
293030,0.354184330419465
419806,0.056063840714793034
451432,0.0355550380844166
427622,0.0073898464608366755
445976,0.03133632874955807
123537,0.014584914619672203
410699,0.025381516106768812
411430,0.1371710751676801
149372,0.2069398820920611
262970,0.04412849496760459
344783,0.11060030908465318
294164,0.06341339814592617
402236,0.02703705982978164
370556,0.028796354473195465
143191,0.010964449472524224
283250,0.044876534252935356
329553,0.015732109076524992
436079,0.07069049040885012
281905,0.020134201160774853
239082,0.16127347551128457
186536,0.023305315491948267
147264,0.03225791698810079
406681,0.025338218536990365
424222,0.0643187015942012
143065,0.035859482062760586
388208,0.05259225721116363
121186,0.054397485285326584
382880,0.008782267676942901
213265,0.02887105162619648
382513,0.012814634229588456
119718,0.018241919583667797
360347,0.0254425868155363
275415,0.01717080988311991
213892,0.022025796009777235
318874,0.05067303584564273
224407,0.048307112552746494
125101,0.03246626532775689
388223,0.02309093886316192
218117,0.05554657903437737
307168,0.04690250836458217
226738,0.0642842140032791
193054,0.038110807712520775
303524,0.01788626688552175
267220,0.02891485452533238
376274,0.11880472256517127
334923,0.1499599171897536
118342,0.19130824080049283
260435,0.03785662281992238
393776,0.0245043224479932
271586,0.061873225275487956
294995,0.12196410079255524
364096,0.04344507131774802
126486,0.030295674343510926
366451,0.11701582813861063
415479,0.02165521055182541
310693,0.12211363667989916
408194,0.05667287626685597
312184,0.02509837636415151
398461,0.02985224237027374
208689,0.07440789888578311
382147,0.11518759293042846
413618,0.10341401639025052
222618,0.028451884856351993
318135,0.13070074846875032
136578,0.09533544146536338
421776,0.0465587326039989
452123,0.02301910062704584
387966,0.0492787434626593
235342,0.009501330864162785
166196,0.010140175903126923
431023,0.013054457919669362
421988,0.022050257060464085
212962,0.018849676103311078
304907,0.1183667510451467
331891,0.02525925472273357
273353,0.041167667300131154
271762,0.05809167450783719
314780,0.03878641135128441
333802,0.08136543474253555
370858,0.04853030153903416
250048,0.0372651112606477
435274,0.16882988273303778
135523,0.3999239220366834
175682,0.2100090100899991
437014,0.0638394521754104
301061,0.09324383981641764
254394,0.017750621876257908
357630,0.042831696149823344
122027,0.11611768007043753
104035,0.05349564911198818
262845,0.018499656684618164
108649,0.022719992197195577
418568,0.32701749737076413
323141,0.06108343902677763
389763,0.06495537561248324
441766,0.012534395138851585
396620,0.15123575000954573
441004,0.03977376373458106
111478,0.1164343329381698
149587,0.04593595299439094
176890,0.11312514514046236
445256,0.02499028818611239
405905,0.013874785004824445
110977,0.07817171739848908
312302,0.01931503099410767
421997,0.011132141335775749
113087,0.09938766305209637
176437,0.06401794473063262
443375,0.054598515961193264
181165,0.056025702803471425
110504,0.05176277666192116
311540,0.0770924040467633
308761,0.020546475168116946
245567,0.11357146470824031
225195,0.009437853384273115
337298,0.020920223287504314
135672,0.2843196695243975
208136,0.031146107931458066
222869,0.1622110570226223
231546,0.05288855007875711
201909,0.032750331811533265
331616,0.23673607648751752
302281,0.039574823124522485
165749,0.036317816790497885
401375,0.4235748503451854
274993,0.049463868316205556
142558,0.03005272302998296
391903,0.0746120244346339
103814,0.03483622712575635
201393,0.19752997166642838
334881,0.041420047363801685
292945,0.1289538483280651
176301,0.0693835043701875
233901,0.016226719182916377
442321,0.08306034360768556
408514,0.014260490914402188
144357,0.1273992917692559
159333,0.03880341381484628
220949,0.03383503698913792
408437,0.020009968564246066
115852,0.010578826813281282
215082,0.03893580569836828
263683,0.02514862120750361
106854,0.4902257037632023
113248,0.012601790602047252
304676,0.027014399826948997
308168,0.12386382832342806
345209,0.1752640761835842
249878,0.30998604524856305
301180,0.1547558916508439
171358,0.030504895746365574
368337,0.024833480209668357
229838,0.02093399650354222
405701,0.1083521520310501
375133,0.015430864989043194
123368,0.03477991119612532
233453,0.04688911333619279
414969,0.029895059382261478
373542,0.10581950083481254
247708,0.2194705900076145
328217,0.045130307761351664
318055,0.01233341861513982
299470,0.06883044935297827
158142,0.02871316212038939
235215,0.014388610312936803
359212,0.042036389705938516
129816,0.03889730245828564
190664,0.06480766156525489
260948,0.054838275589331575
390871,0.12280725642959946
374503,0.020787114993815227
153393,0.03640923078500293
257977,0.02041632094499659
344356,0.06897897749414378
314131,0.01765786375788774
148449,0.018419306316930343
279137,0.08071357287868228
438547,0.06758446646828314
355996,0.12261789938744791
419176,0.1279961569296974
117741,0.04918651393778039
139780,0.02742019409949705
195234,0.050377868075039745
136751,0.055255226604096944
270295,0.01578341141082403
286083,0.04425301788561463
306121,0.012757527117173043
328218,0.017847515184786375
272201,0.026632093426603245
194717,0.0487673410090121
229329,0.03999488000707762
304030,0.018139978381503594
446466,0.05945700183424145
350110,0.014747599203614015
324149,0.025377971743308646
405402,0.06417658967299833
279622,0.09556939545676636
127614,0.017788228103249454
352561,0.08773840058464767
416313,0.3882082600475107
251255,0.01333274662386276
316849,0.1464533064929216
404288,0.20106353515964454
155144,0.018780476409263752
154843,0.04480834198562456
172144,0.02051478811517793
436339,0.03239681766748147
178424,0.10530974820424763
183897,0.01126892945178942
441874,0.028550859823753313
178831,0.1085001905062195
191732,0.08623688195702658
246489,0.11038227620381219
376078,0.03290686374905594
298792,0.1684422650801967
446617,0.03673928337123553
378018,0.02292584394078331
149283,0.16928857494899321
196394,0.35402068681339605
438582,0.035329566087713794
455538,0.013945488526215478
213821,0.039567309563621415
353801,0.016782275670001186
312223,0.1464097920052671
416300,0.040750829060091094
318214,0.031914119284620186
223830,0.13048475032037196
342894,0.012816109120054665
111715,0.15124413051878244
227420,0.08720699783672561
311685,0.02748081047911151
345754,0.022582844374146246
100109,0.04897149044522898
415533,0.07325934349417734
415539,0.15768644278730248
322711,0.1044168513721214
402090,0.06646270969627127
382876,0.04075779703675139
285651,0.026215806263433263
191033,0.03338870906615052
401378,0.018079786743171865
360791,0.046529210590976366
155246,0.053962239603087235
181481,0.058108391992066084
162741,0.07066142510378247
245815,0.024067652194413047
155594,0.039266987487978675
253583,0.22696874155812263
389532,0.08454906583949309
230464,0.05749912068394228
132082,0.020655301877442522
323888,0.050112107333187106
194738,0.09131377528680677
316329,0.026697990101420165
378065,0.0749114490162557
212283,0.025422054953476284
130828,0.04129816760156853
248415,0.0802085147888788
237909,0.025315682497432015
128071,0.042645395715403114
255948,0.01890831464898374
173312,0.0779885506235536
156581,0.03926272793735607
130340,0.14359436711254198
306712,0.04305792237698866
415069,0.15967475588971425
444984,0.04498951258744287
100568,0.28007384656683454
185576,0.015056145564711344
384969,0.008915476778890624
172731,0.03982318235215351
393405,0.04463787965865042
309814,0.04671292758790605
185183,0.08031020679182742
325918,0.039843510666768785
374788,0.04357743117288932
365160,0.06410557401762008
447736,0.02244860647712687
419159,0.3824776436583777
129122,0.034377500282116336
138613,0.07149271317269053
443012,0.10354875888462935
140378,0.13755257926008957
281376,0.04130125844673793
430976,0.044329963591105075
277775,0.13048073384482228
210201,0.022589384757039175
412593,0.047643346623795796
377088,0.04639773658557462
194419,0.043522926123420694
448690,0.03674922150059602
259020,0.21622722790498625
149524,0.02238810028705113
406228,0.032004130598538266
127230,0.06159852927228107
121383,0.07596876989175419
116491,0.014853693130235362
193375,0.014268600917827142
226041,0.029675771267849833
350699,0.09908009704783974
119179,0.07088511073325642
200061,0.02843048927453462
104327,0.1637551510765351
388754,0.03122631905225008
274574,0.06255990209661867
380130,0.0298925061850306
365035,0.029299293565418435
381754,0.11097398080453266
252348,0.02138398487562534
115172,0.03038269431088206
447709,0.4439692602132647
133816,0.06207319630014027
289814,0.029407568000385357
434322,0.027534388298634974
281684,0.02813218682710708
188228,0.05653134995021994
259633,0.03426149976523848
413395,0.044478557795728124
283328,0.06376055709125285
257353,0.03138439006133924
353278,0.0573657983943875
119999,0.08815824253090446
372452,0.03884043734008266
230192,0.03408320904060467
304028,0.15320043036428466
336966,0.35298507432936765
132128,0.013821524707035118
420884,0.2632653434017185
203290,0.051700425024882785
362710,0.046665064640862
449881,0.02514098654814613
306121,0.012757527117173043
412593,0.047643346623795796
251133,0.1024985787324693
168443,0.020093384300224098
148911,0.030220213619059685
393591,0.09921775818308813
191217,0.016587350855535327
447715,0.05719824519436792
317043,0.12637852955409265
353419,0.35541673317734157
189062,0.039789763871808874
348249,0.022822348288662895
294300,0.06053916509097704
303602,0.2887197389102242
231028,0.02583513943914022
408885,0.05293970119746637
447976,0.1869642268845358
337905,0.04729320365891155
308325,0.031473297649175246
206428,0.05439718492439176
115185,0.1260617627159247
219115,0.06512684399548553
166733,0.016206309926145166
104184,0.08524287996184872
420207,0.10226627507889811
175347,0.03790785125537962
225246,0.09685373220151122
158234,0.03743087414130015
232590,0.018833968909478076
384692,0.03323149805187389
323670,0.030456332476509456
194165,0.05067635836159981
455088,0.030104936347598445
400860,0.021278857691987917
320806,0.2128076150416797
283144,0.15964591548030027
114622,0.09830004022454612
152908,0.19936900039315222
113783,0.10958830317783144
402656,0.07047257962483197
130320,0.051179111288274994
163188,0.22384789100122277
118509,0.048876111105250364
132882,0.01612775887993986
297675,0.04643223849628277
212674,0.21366078921834855
334055,0.017943400030566856
246303,0.03276111926945787
161080,0.09223430312926167
143017,0.01816329631612574
400490,0.08189970777827581
318169,0.1267051904039912
289798,0.03115408432751344
413633,0.283258819559188
330220,0.027262559326900852
149592,0.04594787057335962
129977,0.01505087447575659
429936,0.013580719993303172
348571,0.17189590831915597
403438,0.05913425340522744
339433,0.06898496436438982
407697,0.154497218753379
455648,0.02211213070709029
174575,0.1494834375594681
185339,0.07969310238826202
270843,0.07616390517992938
434327,0.02739512558787281
237476,0.03383205031201531
129282,0.02491421370508647
343795,0.019261717487909107
240087,0.01352441485395112
409507,0.10285956127782961
251719,0.0998904749774783
384001,0.0790363350972492
422058,0.09310224935484625
284075,0.07692759041860052
395224,0.036100435478691496
423723,0.1143753925566862
323894,0.05118426605065342
266210,0.17898683946593402
205744,0.030634877451926393
307436,0.02020871767668122
317197,0.06531294008898791
340012,0.023561122171518345
212747,0.027168009778117837
147250,0.058839392637945194
395696,0.04513571086345121
430300,0.010439248688960725
104351,0.14489022410201738
403974,0.21511204485680474
318410,0.1790787956027329
103914,0.06298581074027425
345916,0.04381764286784881
200358,0.048597281423216045
422513,0.021900715750982697
289165,0.07045584816661098
349886,0.024257293244505294
113397,0.08735429456276135
241266,0.026709124701929675
443317,0.011272043624977721
396900,0.15407865235138418
377987,0.0285943613513925
350372,0.1465926110463971
436083,0.12546905405263697
309418,0.23377647241630467
390045,0.03450344225114738
198181,0.1717293235698246
106387,0.04460289135514551
437611,0.015470131151107304
293172,0.0478546829608357
239145,0.07276716722240067
164555,0.20655747530307927
203288,0.034855918480303394
146973,0.03784381725930254
346164,0.02880062827665874
184605,0.016050998817910757
318467,0.03739664386597737
167755,0.019474607396990862
382886,0.05750036607131322
151540,0.03665424957471707
397129,0.02624997514524018
277797,0.030489801539002184
382877,0.17050173827519272
221763,0.02180328108310683
420618,0.044972890375868976
230581,0.05244167066507722
337142,0.013396628164531313
267690,0.024809277551895194
303294,0.14928436640199533
373071,0.1252520466302983
227640,0.18729934228509537
116562,0.07236712618135094
189843,0.039512694305203655
126707,0.24487591584955248
133229,0.02244702116974252
212696,0.029063117234602375
105617,0.111504974282349
212636,0.03513692709780528
116025,0.10939218525603797
155267,0.027795194269384663
124033,0.13419412585241225
363212,0.05050667833231791
211399,0.0272413809961348
147966,0.0665142224705443
146623,0.025133062588907948
241793,0.019427107352766156
130239,0.010396594554430233
439268,0.026293716638328676
342779,0.27365847865667436
428806,0.03225713197335256
238638,0.0725330331150264
127495,0.013027347653174965
122351,0.037645046301850456
264436,0.19198740626073765
228467,0.18929246225564914
454218,0.1242368098454562
361662,0.203935893875882
365120,0.11237800007548444
119205,0.014316986397024275
258384,0.06629001530453257
407489,0.28448078470450205
446980,0.05887747271722038
344685,0.06487509886493431
305180,0.06337143619788178
274163,0.07956783012038571
412456,0.026564114228211824
151186,0.17041415121564935
407934,0.06453337700732338
282548,0.02319861034188394
177783,0.031911852779215655
436350,0.03486723595793671
238893,0.2665855372795106
425433,0.048968555363553795
420797,0.05800052658381408
308504,0.042839167908177975
176574,0.1605791519575064
333078,0.08912696633003953
427127,0.04354981053839819
191878,0.2358238713835306
104136,0.01951500705161283
133511,0.08484753017658749
218602,0.06167287103875901
202655,0.04292511232100841
183697,0.10414151165493915
198141,0.014731274748813219
130906,0.07133707353150259
151065,0.12128600738328571
361158,0.01989929838989025
150951,0.021252675181344438
227009,0.04673607674090063
405120,0.043338109274882367
361426,0.014186778614184681
310663,0.09202199784129188
230329,0.1987127081805517
449475,0.02351750927638385
290881,0.25210403276552307
227732,0.04066094859798901
216686,0.023824795075106445
323252,0.04028398547979201
188324,0.049114578142322986
423719,0.0956711965616623
104319,0.1139874384137389
455268,0.028086235789588358
159972,0.04546926363086746
271544,0.0505754373704889
175075,0.04895925638521434
309493,0.015022481627191718
377611,0.1480073802559244
428198,0.15287044191206312
207296,0.027719230945693635
105203,0.05596823353463508
323014,0.02125617790174863
453021,0.025466453110479667
192946,0.1281752192428282
380812,0.017882931476844603
300641,0.05988321018198873
204836,0.046679865303095446
372350,0.2153817103157962
285879,0.04110292569999169
306547,0.16632604890915675
158459,0.013841895324599066
217071,0.011827349777766285
281133,0.01474759601923574
352450,0.038403531774419505
165557,0.026312334963301254
325021,0.34967391238979506
111958,0.026543213421571794
432640,0.0869669815087474
102614,0.017420082634556158
197205,0.06909357553120554
319099,0.06880061464493047
260997,0.04933879934848138
398669,0.04029534995444268
161378,0.04283409460020038
248268,0.013040368280689173
412178,0.11829221630584502
191681,0.020024271185313487
199062,0.019142604966367514
149996,0.09819279372409756
151004,0.032261242104777814
115172,0.03038269431088206
239518,0.2722012841098618
379101,0.05338108820150346
163182,0.0452942648681503
186842,0.2665020043554185
439820,0.01913997651129731
294807,0.06739665507464485
324995,0.012343516937606666
310586,0.036897065213435686
381470,0.08443204449663137
347482,0.061566507881509996
173620,0.11716031849653272
212968,0.0999824406792615
102694,0.3495142857504133
404121,0.016136706133197287
400091,0.03494790440675709
189213,0.02002929229432622
288886,0.040548310321461854
205646,0.03299434620203253
164887,0.027101186683529635
428208,0.0733116541376903
336711,0.025610165368038548
257200,0.02548568702900753
407344,0.028489530514839895
319014,0.16730462888678976
150558,0.06369917498810806
125037,0.09898911499630739
140312,0.24936924457937526
102763,0.026054281066893885
317347,0.03320079359495817
231689,0.03361073381687832
451688,0.0320730733425191
274353,0.05897866481660561
168107,0.05632092399351513
344660,0.04315096789159861
154763,0.0180253599798345
316867,0.014045948972599694
336041,0.0297202310407468
329165,0.06163456883430892
408478,0.02185141681486646
121296,0.0222156348505477
415111,0.01275938309495979
233482,0.03548888279192069
227542,0.05266046763088987
295299,0.028841527787450135
439768,0.17511643139195496
381201,0.11460509667741263
258671,0.01063591045339394
354111,0.04994902229914536
216621,0.018342792354455822
188563,0.14812228587039572
391350,0.013501545971176535
390508,0.1029896013524349
302621,0.016880133757565384
366700,0.016743578545518778
433686,0.17665898218543283
400597,0.031098766412979373
246836,0.05055056893472694
206814,0.016538757998373278
416307,0.19732629398514173
135857,0.32233382779162745
304265,0.02011712833213273
250508,0.11492790083760124
317346,0.014017569346912801
446676,0.05415083720099982
210729,0.019407783157198218
255981,0.05305280487404108
450763,0.048041079980275195
394063,0.050713597679446165
307729,0.04464154303904802
106740,0.10073857665013258
207999,0.38131934099843273
253322,0.04895278985819735
173623,0.049417665026938486
342523,0.015670817206102243
188032,0.02488054996385974
381047,0.12186673878555272
396735,0.150062750369063
134330,0.043220307503886925
270522,0.028451587839445822
128699,0.13604192958189645
135186,0.05440830399195388
105758,0.03048935895831471
346620,0.05609925973983532
433670,0.31905422668795336
208897,0.023072177933134215
147840,0.03413335260429894
196889,0.11904460475609976
354838,0.10238101279279271
351126,0.021877562479865626
329078,0.07288253840393374
256459,0.01618154255476558
142305,0.06140513789842718
163493,0.03492259015215099
148394,0.04610400022879831
242609,0.394590811625549
129152,0.06167444933209238
101365,0.017525281813094613
353262,0.18548384010027782
212132,0.012312408454673992
259985,0.019492947063128957
148113,0.039297138341753704
298131,0.02808602806754192
184234,0.038012924393818225
186503,0.05222923607983828
375879,0.08682159964871217
239357,0.13598697268797036
112601,0.016590930011162353
244942,0.043173417403159144
205678,0.03753683567874486
159174,0.02113410048437826
131476,0.02777906728897399
153810,0.009733289104250836
190507,0.030055012367728364
441672,0.019419994131220936
309971,0.03353070130895144
165606,0.010011923396826305
144314,0.02976924004246681
277390,0.19543297692980918
180754,0.05100364277812696
430786,0.03489001206316401
246833,0.025445028926901505
174509,0.1950450150663383
408386,0.0967633006043338
348460,0.05664513943032915
157212,0.019400184780391197
338840,0.09318070245549162
318385,0.03616946325664714
429670,0.024909647512830584
427612,0.14509895802790793
411023,0.06387439880289068
380979,0.04303578441637124
389860,0.022422961712353508
136754,0.03459994656890607
301173,0.08185420703485957
399017,0.030985434543382716
309061,0.03670818987828557
126125,0.0158320530012629
282041,0.12114779617023753
146752,0.09660031185143397
164530,0.036411380361027014
221116,0.25372171821406014
202055,0.017929479141868834
263489,0.09017477324552697
260007,0.38094991685048524
342297,0.028481394641549484
180286,0.02722276441424837
210129,0.05760104705403093
115404,0.013555006926598945
275949,0.21946503336419212
290259,0.11537188336204147
397713,0.03595688448925123
169836,0.017072541172825705
320711,0.031069384530694088
432626,0.026246667654769636
211096,0.022727546186093416
210811,0.04016459615414768
275661,0.04550641016679868
128229,0.03823601282011545
225145,0.04101763341841247
247014,0.09321088449307409
215177,0.06244572158131792
444444,0.02262866413157086
188768,0.019491157960524745
355708,0.01417079484574609
120980,0.219821958415784
432830,0.2801727616750418
323569,0.022320989518128453
349735,0.23011959479856375
237543,0.04022483660041983
195858,0.10595628127598154
185581,0.07964783703724987
112054,0.03193304109479719
439746,0.05966923435394134
159661,0.0711722784061419
365613,0.18472612601626207
272438,0.05738139578719669
390407,0.07018743288196375
148849,0.020002761804078856
113346,0.44604162873208925
192001,0.04858955769281166
193462,0.016203782598901803
417409,0.026078848148124594
166138,0.1873889072075128
274808,0.18142322580475412
233901,0.016226719182916377
287133,0.3382354149871902
316502,0.07744934661452624
104354,0.025502604940169663
306569,0.04194352016315173
199001,0.062006485345857704
146384,0.08273907729234674
230416,0.01665809832745711
190542,0.01903099702608133
428636,0.1453280704422092
113475,0.033365402246029616
388873,0.10674788972132322
312796,0.030635501287251902
341231,0.035825954372609464
318021,0.0194232417907044
199048,0.13523024713441475
288564,0.022660182535805148
202343,0.126148800388801
434192,0.04339135234866169
217038,0.014276370785589501
156213,0.3239496353204739
270235,0.031636370887173096
114267,0.08136085794888606
155133,0.1109740290960265
113406,0.10301185879098831
202509,0.04198271031422384
176352,0.09880564376245066
413351,0.1552930320959995
418653,0.058962426632123234
126792,0.040431729618069526
372060,0.15311138529759707
232148,0.2144696324099208
148823,0.012956692565445169
181666,0.06722122819137502
205241,0.010292374146852712
223526,0.018818414762911517
371972,0.030607686435422207
363187,0.021223390388202923
153233,0.06668843835593055
293985,0.012968083412923924
185837,0.04151853248280514
413457,0.02320520896056655
358873,0.2639719108189346
127839,0.023264808907645314
423701,0.034298845689881785
374913,0.19326108963923808
344240,0.02181400106888286
392250,0.02714644731305444
385152,0.031628765640049045
199803,0.36315664794161034
420839,0.018493197269260714
453359,0.2684722110247884
367837,0.1760638603952373
258225,0.017717150629661883
188792,0.04156979396365415
388616,0.08336468819003112
302202,0.08693477090527041
154315,0.09624210459871581
227905,0.15624497890448089
445164,0.09366236432382051
355697,0.051733839250488994
193706,0.043172746470702086
282862,0.037127559038134535
233744,0.015365129247200926
134485,0.025073548766155068
315291,0.14980281964624365
131231,0.06250316294472648
414183,0.07866350143556813
264621,0.01479230125443223
393055,0.015471022035856027
273985,0.10789567181252653
408384,0.08705314644032167
402096,0.054115758833853146
374970,0.06395595695280744
120325,0.02801143983254212
171541,0.10763730408454615
312460,0.07737080518465218
190808,0.039532085373177143
292307,0.026924390094273914
412047,0.03969057421284092
343920,0.04881727393983779
101610,0.11807182835654047
350959,0.014896334781578941
241507,0.03629346727312367
410274,0.0757302198676054
443695,0.1143806826072207
445073,0.08836825814076978
441156,0.17030835470509942
432590,0.0240456028841102
315857,0.08331229804867187
439550,0.04604894141787207
354184,0.0533888922268391
136416,0.016867064151912085
309075,0.035438773644236476
142491,0.06303619287350998
197540,0.09176358386882683
